High-School-Civics-Course-Curriculum--Curated-by-Curriki,C
Civics-Curated-Course-Foundations-of-Government-Unit,C
Civics-Curated-Course-The-Constitution-Unit,C
Civics-Curated-Course-Legislative-Branch-Unit,C
The-Executive-Branch-308004,C
Civics-Curated-Course-Political-Parties-and-Ideology,C
Civics-Curated-Course-State-and-Local-Governments-Unit,C
Civics-Curated-Course--Unit,C
iCivics-Why-Government-,P
FLVS-Civics-Going-Global--Forms-of-Government-308513,P
Introduction-to-the-Principles-of-Democracy,P
Reading-Like-a-Historian-Athenian-Democracy,P
Reading-Like-a-Historian-Roman-Republic,P
Paper-football-and-Government-Fundamentals,P
What-Are-the-Origins-of-the-Bill-of-Rights--307520,P
Who-Said-It-Quote-Match-307567,P
Hobbes-Locke-Montesquieu-Rousseau-on-Government,P
Ted-Ed-What-did-democracy-really-mean-in-Athens-,P
America-s-Civic-Values-ELL--307471,P
iCivics-Cradle-of-Democracy,P
Ted-Ed-Democracy--A-short-introduction,P
Constitutional-Underpinnings,P
Libertarianism-Explained-Democracy-Tyranny-and-Liberty--Learn-Liberty-302555,P
The-United-States-Constitution-307462,P
The-Constitution-Drafting-a-More-Perfect-Union,P
Teaching-Six-Big-Ideas-in-the-Constitution,P
The-Bill-of-Rights-Debating-the-Amendments,P
iCivics-Changing-the-Constitution,P
Checks-and-Balances,P
Checks-and-Balances-in-Action,P
Crash-Course-Checks-and-Balances,P
Founders-and-the-Constitution-307494,P
Preserving-the-Bill-of-Rights-307519,P
What-Constitutes-a-Constitution-,P
Ted-Ed-How-is-power-divided-in-the-United-States-government-,P
The-United-States-Constitution-ELL--307469,P
The-Constitution-of-the-United-States-En-Espanol,P
Life-Liberty-and-Property-What’s-the-Big-Idea-,P
Constitutional-Underpinnings,P
Interactive-Constitution-from-the-Constitution-Center,P
The-Federal-Courts-and-You,P
Add-to-My-Library-National-Constitution-Center-An-Interactive-Constitution--Article-III,P
The-Supreme-Court-The-Judicial-Power-of-the-United-States-308323,P
Crash-Course-Supreme-Court-of-the-United-States-Procedures,P
Judicial-Independence-Essential-Limited-Controversial,P
The-Origin-Nature-and-Importance-of-the-Supreme-Court,P
Supreme-Court-Document-based-Questions-307540,P
Liberty-and-the-Supreme-Court-307566,P
Religious-Liberty-and-the-Supreme-Court-307581,P
Street-Law-Supreme-Court-Lesson-Plans-and-Teaching-Methods,P
iCivics-Judicial-Branch-in-a-Flash,P
Judicial-Branch-Handouts,P
The-Judiciary,P
The-Judicial-Branch-US-Government-Chapter-8,P
Lesson-Plans-What-Congress-Does-and-Why-it-Matters,P
Structure-of-Congress,P
Crash-Course-The-Bicameral-Congress,P
The-Constitutional-Powers-of-Congress-307592,P
National-Constitution-Center-An-Interactive-Constitution--Article-I,P
The-Legislative-Process,P
Anyone-Home-Using-Political-Cartoons-to-Consider-the-Lawmaking-Process,P
All-Legislative-Powers-Herein-Granted-307596,P
Engaging-Congress,P
Congress-in-the-Modern-Era-307599,P
Model-House-of-Representatives-Project-307600,P
Congress-and-the-Consititution-307589,P
The-Commerce-Clause-and-the-Expanding-Powers-of-Congress-307593,P
The-Redistricting-Game,P
iCivics-Why-Do-We-Have-a-House-and-Senate-Anyway-,P
How-a-Bill-Becomes-a-Federal-Law,P
Congress-308300,P
United-States-Government-The-Legislative-Branch,P
iCivics-For-the-President-All-in-a-Day-s-Work,P
National-Constitution-Center-An-Interactive-Constitution--Article-II,P
Crash-Course-Presidential-Power--11,P
How-We-Elect-a-President-The-Electoral-College,P
Presidential-Election-Process,P
Debate-Took-Kit,P
iCivics-A-Very-Big-Branch,P
Advising-the-President-A-Simulated-Cabinet-Meeting,P
Congress-the-President-and-the-War-Powers,P
Documenting-Key-Presidential-Decisions,P
Executive-Power-in-Times-of-Crisis,P
EDSITEment-The-President-s-Role-s-and-Responsibilities,P
Ted-Ed-How-does-impeachment-work-,P
Executive-Command-Simulation-Game,P
Presidency-and-the-Bureaucracy,P
United-States-Government-CHPT-5-The-Executive-Branch,P
EDSITEment--The-First-American-Party-System-Unit,P
Crash-Course-Political-Parties,P
Political-Parties-Two-is-Company-Three’s-a-Crowd,P
Take-the-Political-Party-Quiz,P
Party-Platforms,P
Build-Your-Political-Platform,P
Anatomy-of-a-Political-Ad,P
The-Civil-War-to-1910-The-Golden-Age-of-Parties-307597,P
ISideWith,P
iCivics-One-Big-Party,P
Politics-and-US-Political-Parties,P
Political-Parties-Interest-Groups-and-Mass-Media,P
Crash-Course-Party-Systems,P
Crash-Course-Political-Ideology,P
What-is-a-Federal-Republic--307536,P
Crash-Course-Federalism,P
iCivics-Power-to-the-States,P
iCivics-Power-Play,P
Deliberation-Sanctuary-Cities,P
iCivics-Municipal-Government,P
State-and-Local-Government-on-the-Net-146025,P
Local-Government-Curriculum,P
Ted-X-Talk-Local-Government-A-Model-for-American-Democracy,P
Federalism-Pouring-Power-into-the-Federal-Government,P
Local-Government-Brochure,NR
State-and-Local-Government-Obligations-and-Services,P
Khan-Academy-Federalism,P
iCivics-The-Sovereign-State,P
FLVS-Civics-Going-Global--Systems-of-Government,P
Civil-Liberties-and-Rights-Worldwide,P
Crash-Course-Foreign-Policy,P
Model-Diplomacy,P
Constitute-Project,P
Russia-s-System-of-Government-and-the-Russian-Constitution,P
Introduction-to-Iran-s-Structure-of-Government,P
CIA-World-Factbook,P
Dictatorships-and-Totalitarian-Governments,P
iCivics-Diplomacy,P
AP-Comparative-Government-and-Politics,P
